,Model,MSE,MAE,R-squared
0,OneGCNLayer,0.045268472,0.18709207,0.44811464947924384
1,TwoGCNLayer,0.02384477,0.12587602,0.7092992643646259
2,ThreeGCNLayer,0.017579166,0.10735509,0.7856856342344923
3,FourGCNLayer,0.009256747,0.07896963,0.8871474492190692
