,Model,MSE,MAE,R-squared
0,OneGATLayer,0.008281275,0.0757471,0.8990397921935801
1,TwoGATLayer,0.009583597,0.07982729,0.8831626851033065
2,ThreeGATLayer,0.008914984,0.07924093,0.8913140067354814
3,FourGATLayer,0.0075834375,0.07355307,0.9075473987590057
