,Model,MSE,MAE,R-squared
0,OneGATLayer,0.016329149,0.117988765,0.8009250653321635
1,TwoGATLayer,0.015648305,0.107104585,0.8092254928429359
2,ThreeGATLayer,0.0135543095,0.10427207,0.8347541956603197
3,FourGATLayer,0.082105905,0.24700335,-0.000984632450789391
