,Model,MSE,MAE,R-squared
0,OneGCNLayer,0.049753692,0.1961623,0.3934335691428591
1,TwoGCNLayer,0.08210283,0.24699987,-0.000947103387999304
2,ThreeGCNLayer,0.08210276,0.2469998,-0.0009463495034069958
3,FourGCNLayer,0.08210284,0.2469999,-0.000947318167379807
