,Model,MSE,MAE,R-squared
0,OneGATLayer,0.059839103,0.21103296,0.27047846855037605
1,TwoGATLayer,0.06602431,0.22949676,0.19507229948182736
2,ThreeGATLayer,0.031282116,0.14985806,0.618627678648507
3,FourGATLayer,0.0821028,0.24699984,-0.0009467177549804529
