,Model,MSE,MAE,R-squared
0,OneGCNLayer,0.0686613,0.2264158,0.16292373453490927
1,TwoGCNLayer,0.029751588,0.14442287,0.6372869504867866
2,ThreeGCNLayer,0.08211002,0.24700785,-0.0010348155405350834
3,FourGCNLayer,0.0821028,0.24699984,-0.0009468084951660405
